{"val_loss": 27.100790977478027, "train_loss": 29.971255588531495, "epoch": 4, "_runtime": 43, "_timestamp": 1680793769, "_step": 4, "_wandb": {"runtime": 49}}