{"val_loss": 27.868172264099123, "train_loss": 23.111054992675783, "epoch": 4, "_runtime": 53, "_timestamp": 1680793501, "_step": 4, "_wandb": {"runtime": 59}}