{"test_loss": 0.23557233810424805, "_runtime": 3943, "_timestamp": 1663495648, "_step": 200392, "mr_overall_test_bleu": 29.156864586865783, "mr_test_bleu_1": 38.4, "mr_test_bleu_2": 32.6, "mr_test_bleu_3": 26.9, "mr_test_bleu_4": 21.5, "bn_overall_test_bleu": 54.54570012219138, "bn_test_bleu_1": 63.6, "bn_test_bleu_2": 57.9, "bn_test_bleu_3": 52.3, "bn_test_bleu_4": 46.0, "gu_overall_test_bleu": 39.204411310645156, "gu_test_bleu_1": 52.0, "gu_test_bleu_2": 43.8, "gu_test_bleu_3": 35.9, "gu_test_bleu_4": 28.8, "te_overall_test_bleu": 30.3961318773445, "te_test_bleu_1": 41.2, "te_test_bleu_2": 34.7, "te_test_bleu_3": 27.9, "te_test_bleu_4": 21.4, "kn_overall_test_bleu": 17.955137707952836, "kn_test_bleu_1": 26.6, "kn_test_bleu_2": 21.1, "kn_test_bleu_3": 16.0, "kn_test_bleu_4": 11.6, "ta_overall_test_bleu": 47.363354826940466, "ta_test_bleu_1": 59.9, "ta_test_bleu_2": 52.6, "ta_test_bleu_3": 44.8, "ta_test_bleu_4": 35.7, "hi_overall_test_bleu": 55.5124041582747, "hi_test_bleu_1": 66.0, "hi_test_bleu_2": 59.6, "hi_test_bleu_3": 52.8, "hi_test_bleu_4": 45.7, "en_overall_test_bleu": 41.5356275471576, "en_test_bleu_1": 51.1, "en_test_bleu_2": 44.7, "en_test_bleu_3": 38.8, "en_test_bleu_4": 33.6, "avg_test_loss": 0.2714864909648895, "epoch": 4, "_wandb": {"runtime": 3942}}