{"val_loss": 1.0793030261993408, "_runtime": 82010, "_timestamp": 1663491627, "_step": 258847, "avg_val_loss": 0.4566430151462555, "loss": 0.06512424349784851, "epoch": 1, "avg_train_loss": 0.4486565589904785, "_wandb": {"runtime": 82014}}