{"val_loss": 33.654046376546226, "train_loss": 30.203550974527996, "epoch": 4, "_runtime": 97, "_timestamp": 1680795561, "_step": 4, "_wandb": {"runtime": 97}}