{"val_loss": 0.25938549637794495, "_runtime": 2825, "_timestamp": 1663112463, "_step": 7359, "avg_val_loss": 0.5399231910705566, "loss": 0.138528972864151, "avg_train_loss": 0.9014063477516174}