{"val_loss": 30.379476928710936, "train_loss": 26.44506950378418, "epoch": 1, "_runtime": 20, "_timestamp": 1680792834, "_step": 1, "_wandb": {"runtime": 20}}