{"val_loss": 29.690768559773762, "train_loss": 17.174734751383465, "epoch": 4, "_runtime": 96, "_timestamp": 1680795561, "_step": 4, "_wandb": {"runtime": 96}}