{"val_loss": 28.510831832885742, "train_loss": 24.434700775146485, "epoch": 3, "_runtime": 36, "_timestamp": 1680793241, "_step": 3, "_wandb": {"runtime": 37}}