{"val_loss": 24.879762013753254, "train_loss": 20.330416361490887, "epoch": 4, "_runtime": 97, "_timestamp": 1680795561, "_step": 4, "_wandb": {"runtime": 96}}