{"val_loss": 24.845911661783855, "train_loss": 24.777842839558918, "epoch": 4, "_runtime": 96, "_timestamp": 1680795561, "_step": 4, "_wandb": {"runtime": 96}}