{"val_loss": 24.010684967041016, "_runtime": 264, "_timestamp": 1663109533, "_step": 1066, "avg_val_loss": 23.68739128112793, "loss": 1.911553978919983}