{"val_loss": 0.3901898264884949, "_runtime": 5789, "_timestamp": 1663548596, "_step": 11542, "avg_val_loss": 0.6825551986694336, "loss": 0.38532212376594543, "avg_train_loss": 0.5014312863349915, "_wandb": {"runtime": 5790}}