{"val_loss": 38.38568115234375, "_runtime": 24215, "_timestamp": 1663145344, "_step": 46726, "avg_val_loss": 38.458160400390625, "loss": 0.1540186107158661}