{"val_loss": 26.26926984786987, "train_loss": 21.60948791503906, "epoch": 4, "_runtime": 52, "_timestamp": 1680793501, "_step": 4, "_wandb": {"runtime": 58}}