{"val_loss": 33.927486419677734, "_runtime": 38, "_timestamp": 1676306228, "_step": 2, "avg_val_loss": 30.59830665588379}