{"val_loss": 32.935187657674156, "train_loss": 39.10581398010254, "epoch": 4, "_runtime": 98, "_timestamp": 1680795248, "_step": 4, "_wandb": {"runtime": 98}}