{"val_loss": 26.28032398223877, "train_loss": 29.155051231384277, "epoch": 1, "_runtime": 22, "_timestamp": 1680792833, "_step": 1, "_wandb": {"runtime": 22}}