{"val_loss": 31.063362693786623, "train_loss": 29.268999671936037, "epoch": 0, "_runtime": 17, "_timestamp": 1680789858, "_step": 0, "_wandb": {"runtime": 17}}