{"val_loss": 27.275118827819824, "train_loss": 35.430348777770995, "epoch": 0, "_runtime": 18, "_timestamp": 1680790041, "_step": 0, "_wandb": {"runtime": 18}}