{"val_loss": 2.1546714305877686, "_runtime": 92869, "_timestamp": 1667650792, "_step": 170222, "avg_val_loss": 1.9414594173431396, "loss": 2.6648762226104736, "avg_train_loss": 1.734984278678894, "_wandb": {"runtime": 92872}}