{"test_loss": 6.214157581329346, "_runtime": 2434, "_timestamp": 1675779822, "_step": 237531, "as_overall_test_bleu": 0.002558238845997559, "as_test_bleu_1": 9.4, "as_test_bleu_2": 0.3, "as_test_bleu_3": 0.0, "as_test_bleu_4": 0.0, "gu_overall_test_bleu": 0.004706079900775862, "gu_test_bleu_1": 2.8, "gu_test_bleu_2": 0.3, "gu_test_bleu_3": 0.0, "gu_test_bleu_4": 0.0, "or_overall_test_bleu": 0.001466090929472789, "or_test_bleu_1": 11.1, "or_test_bleu_2": 0.1, "or_test_bleu_3": 0.0, "or_test_bleu_4": 0.0, "mr_overall_test_bleu": 0.015222960770670651, "mr_test_bleu_1": 10.5, "mr_test_bleu_2": 2.9, "mr_test_bleu_3": 0.1, "mr_test_bleu_4": 0.0, "avg_test_loss": 5.813632011413574, "epoch": 21, "_wandb": {"runtime": 2434}}