{"val_loss": 31.93750629425049, "train_loss": 28.765009117126464, "epoch": 1, "_runtime": 24, "_timestamp": 1680792837, "_step": 1, "_wandb": {"runtime": 23}}