{"val_loss": 4.00747537612915, "_runtime": 56, "_timestamp": 1670583060, "_step": 99, "avg_val_loss": 3.8194901943206787, "loss": 4.2403340339660645, "avg_train_loss": 9.749052047729492}