{"val_loss": 20.184581756591797, "train_loss": 31.259177207946777, "epoch": 1, "_runtime": 40, "_timestamp": 1680802185, "_step": 1, "_wandb": {"runtime": 49}}