{"val_loss": 28.995323944091798, "train_loss": 32.52177219390869, "epoch": 0, "_runtime": 18, "_timestamp": 1680790042, "_step": 0, "_wandb": {"runtime": 17}}