{"test_loss": 0.8523938059806824, "_runtime": 3492, "_timestamp": 1672721610, "_step": 228800, "te_overall_test_bleu": 12.975950626498458, "te_test_bleu_1": 35.6, "te_test_bleu_2": 16.6, "te_test_bleu_3": 9.1, "te_test_bleu_4": 5.3, "pa_overall_test_bleu": 24.677566789764263, "pa_test_bleu_1": 48.3, "pa_test_bleu_2": 29.5, "pa_test_bleu_3": 19.2, "pa_test_bleu_4": 13.6, "bn_overall_test_bleu": 61.37570260806655, "bn_test_bleu_1": 76.9, "bn_test_bleu_2": 64.2, "bn_test_bleu_3": 56.2, "bn_test_bleu_4": 51.1, "hi_overall_test_bleu": 42.21896466049648, "hi_test_bleu_1": 64.8, "hi_test_bleu_2": 46.2, "hi_test_bleu_3": 36.2, "hi_test_bleu_4": 29.3, "kn_overall_test_bleu": 10.178507672714046, "kn_test_bleu_1": 30.5, "kn_test_bleu_2": 13.0, "kn_test_bleu_3": 6.8, "kn_test_bleu_4": 3.9, "gu_overall_test_bleu": 22.10172417022759, "gu_test_bleu_1": 47.5, "gu_test_bleu_2": 27.0, "gu_test_bleu_3": 16.5, "gu_test_bleu_4": 11.6, "as_overall_test_bleu": 9.866167362269415, "as_test_bleu_1": 36.0, "as_test_bleu_2": 15.3, "as_test_bleu_3": 7.8, "as_test_bleu_4": 3.9, "ta_overall_test_bleu": 15.87640979620437, "ta_test_bleu_1": 39.2, "ta_test_bleu_2": 19.5, "ta_test_bleu_3": 11.7, "ta_test_bleu_4": 7.1, "mr_overall_test_bleu": 24.888824347446167, "mr_test_bleu_1": 50.0, "mr_test_bleu_2": 29.7, "mr_test_bleu_3": 19.4, "mr_test_bleu_4": 13.3, "ml_overall_test_bleu": 24.48463027214896, "ml_test_bleu_1": 49.2, "ml_test_bleu_2": 29.3, "ml_test_bleu_3": 19.6, "ml_test_bleu_4": 12.7, "en_overall_test_bleu": 46.39490636214547, "en_test_bleu_1": 63.8, "en_test_bleu_2": 48.9, "en_test_bleu_3": 41.4, "en_test_bleu_4": 35.9, "or_overall_test_bleu": 45.59197319784591, "or_test_bleu_1": 67.2, "or_test_bleu_2": 49.4, "or_test_bleu_3": 39.8, "or_test_bleu_4": 32.7, "avg_test_loss": 0.805839478969574, "epoch": 22, "_wandb": {"runtime": 3491}}