{"val_loss": 22.255624771118164, "train_loss": 16.355335235595703, "epoch": 4, "_runtime": 98, "_timestamp": 1680795248, "_step": 4, "_wandb": {"runtime": 98}}