{"val_loss": 27.438188870747883, "train_loss": 31.766470909118652, "epoch": 2, "_runtime": 50, "_timestamp": 1680795418, "_step": 2}