{"val_loss": 0.11318635195493698, "_runtime": 5838, "_timestamp": 1663541932, "_step": 15122, "avg_val_loss": 0.8408342599868774, "loss": 0.7285115122795105, "avg_train_loss": 0.6041440367698669, "_wandb": {"runtime": 5840}}