{"val_loss": 33.42304992675781, "_runtime": 48, "_timestamp": 1667315944, "_step": 80, "avg_val_loss": 22.68349266052246, "loss": 5.167353630065918}