{"val_loss": 26.56634407043457, "train_loss": 28.971958923339844, "epoch": 1, "_runtime": 25, "_timestamp": 1680792836, "_step": 1, "_wandb": {"runtime": 25}}