{"val_loss": 33.16865539550781, "train_loss": 24.593820571899414, "epoch": 4, "_runtime": 25, "_timestamp": 1680794687, "_step": 4, "_wandb": {"runtime": 25}}