{"test_loss": 0.33790773153305054, "_runtime": 594, "_timestamp": 1663113591, "_step": 4730, "hi_overall_test_bleu": 58.29046706536121, "hi_test_bleu_1": 74.4, "hi_test_bleu_2": 66.0, "hi_test_bleu_3": 58.3, "hi_test_bleu_4": 49.2, "en_overall_test_bleu": 38.37359014489721, "en_test_bleu_1": 48.8, "en_test_bleu_2": 41.9, "en_test_bleu_3": 35.6, "en_test_bleu_4": 29.8, "avg_test_loss": 0.37670546770095825, "epoch": 2, "_wandb": {"runtime": 594}}