{"val_loss": 33.40016860961914, "train_loss": 30.384416580200195, "epoch": 0, "_runtime": 23, "_timestamp": 1680790042, "_step": 0, "_wandb": {"runtime": 22}}