{"test_loss": 0.8523938059806824, "_runtime": 5484, "_timestamp": 1672701712, "_step": 228800, "te_overall_test_bleu": 10.691980381930355, "te_test_bleu_1": 32.2, "te_test_bleu_2": 14.0, "te_test_bleu_3": 7.2, "te_test_bleu_4": 4.0, "pa_overall_test_bleu": 18.80632933205426, "pa_test_bleu_1": 39.5, "pa_test_bleu_2": 23.1, "pa_test_bleu_3": 14.2, "pa_test_bleu_4": 9.7, "bn_overall_test_bleu": 29.474021608821612, "bn_test_bleu_1": 50.4, "bn_test_bleu_2": 31.6, "bn_test_bleu_3": 24.1, "bn_test_bleu_4": 19.7, "hi_overall_test_bleu": 36.411766524318, "hi_test_bleu_1": 59.7, "hi_test_bleu_2": 40.2, "hi_test_bleu_3": 30.6, "hi_test_bleu_4": 24.0, "kn_overall_test_bleu": 7.569208963089521, "kn_test_bleu_1": 26.3, "kn_test_bleu_2": 10.3, "kn_test_bleu_3": 4.8, "kn_test_bleu_4": 2.6, "gu_overall_test_bleu": 17.10906571383327, "gu_test_bleu_1": 39.9, "gu_test_bleu_2": 21.3, "gu_test_bleu_3": 12.2, "gu_test_bleu_4": 8.2, "as_overall_test_bleu": 9.399652157696721, "as_test_bleu_1": 32.4, "as_test_bleu_2": 13.0, "as_test_bleu_3": 6.3, "as_test_bleu_4": 3.1, "ta_overall_test_bleu": 10.184632212712257, "ta_test_bleu_1": 32.1, "ta_test_bleu_2": 13.7, "ta_test_bleu_3": 7.0, "ta_test_bleu_4": 3.5, "mr_overall_test_bleu": 22.948562295526784, "mr_test_bleu_1": 46.8, "mr_test_bleu_2": 27.8, "mr_test_bleu_3": 17.8, "mr_test_bleu_4": 12.0, "ml_overall_test_bleu": 20.169652172587817, "ml_test_bleu_1": 42.8, "ml_test_bleu_2": 24.9, "ml_test_bleu_3": 15.9, "ml_test_bleu_4": 9.7, "en_overall_test_bleu": 40.89916588488657, "en_test_bleu_1": 57.8, "en_test_bleu_2": 43.5, "en_test_bleu_3": 36.2, "en_test_bleu_4": 30.8, "or_overall_test_bleu": 39.551122011874135, "or_test_bleu_1": 62.4, "or_test_bleu_2": 43.5, "or_test_bleu_3": 33.7, "or_test_bleu_4": 26.8, "avg_test_loss": 0.805839478969574, "epoch": 22, "_wandb": {"runtime": 5482}}