{"val_loss": 33.24964904785156, "train_loss": 26.922338485717773, "epoch": 4, "_runtime": 25, "_timestamp": 1680794687, "_step": 4, "_wandb": {"runtime": 25}}