{"val_loss": 23.774199771881104, "train_loss": 28.44822425842285, "epoch": 4, "_runtime": 41, "_timestamp": 1680793769, "_step": 4, "_wandb": {"runtime": 47}}