{"val_loss": 29.942232131958008, "train_loss": 25.20347499847412, "epoch": 2, "_runtime": 52, "_timestamp": 1680795418, "_step": 2}