{"val_loss": 31.395914713541668, "train_loss": 25.471293449401855, "epoch": 2, "_runtime": 50, "_timestamp": 1680795418, "_step": 2}