{"val_loss": 33.40016860961914, "train_loss": 30.384416580200195, "epoch": 0, "_runtime": 20, "_timestamp": 1680789858, "_step": 0, "_wandb": {"runtime": 19}}