{"val_loss": 35.24106979370117, "_runtime": 35, "_timestamp": 1674399947, "_step": 41, "avg_val_loss": 30.172794342041016, "loss": 4.622466564178467}