{"val_loss": 23.654218037923176, "train_loss": 23.550846099853516, "epoch": 4, "_runtime": 98, "_timestamp": 1680795248, "_step": 4, "_wandb": {"runtime": 98}}