{"val_loss": 29.820894241333008, "train_loss": 21.134499549865723, "epoch": 4, "_runtime": 98, "_timestamp": 1680795248, "_step": 4, "_wandb": {"runtime": 98}}