{"val_loss": 24.86163568496704, "train_loss": 31.28076229095459, "epoch": 4, "_runtime": 41, "_timestamp": 1680793769, "_step": 4, "_wandb": {"runtime": 48}}