{"val_loss": 1.4878313541412354, "_runtime": 75227, "_timestamp": 1670448686, "_step": 193703, "avg_val_loss": 1.7758175134658813, "loss": 1.7791893482208252, "avg_train_loss": 1.8464820384979248}