{"val_loss": 1.4878313541412354, "_runtime": 75067, "_timestamp": 1670448526, "_step": 193321, "avg_val_loss": 1.7758175134658813, "loss": 2.418797016143799, "avg_train_loss": 1.8464820384979248}