{"val_loss": 1.5156532526016235, "_runtime": 210710, "_timestamp": 1670584169, "_step": 542071, "avg_val_loss": 1.72232186794281, "loss": 1.5817912817001343, "avg_train_loss": 1.7203501462936401}