{"test_loss": 6.08587121963501, "_runtime": 2147, "_timestamp": 1675783843, "_step": 237531, "kn_overall_test_bleu": 0.0006957361564158009, "kn_test_bleu_1": 2.0, "kn_test_bleu_2": 0.0, "kn_test_bleu_3": 0.0, "kn_test_bleu_4": 0.0, "te_overall_test_bleu": 0.001013265605157145, "te_test_bleu_1": 2.6, "te_test_bleu_2": 0.1, "te_test_bleu_3": 0.0, "te_test_bleu_4": 0.0, "avg_test_loss": 6.0834455490112305, "epoch": 21, "_wandb": {"runtime": 2147}}