{"val_loss": 23.280654907226562, "train_loss": 36.222251892089844, "epoch": 4, "_runtime": 26, "_timestamp": 1680794189, "_step": 4, "_wandb": {"runtime": 26}}