{"val_loss": 0.6920797228813171, "_runtime": 5509, "_timestamp": 1663568439, "_step": 14472, "avg_val_loss": 0.6629070043563843, "loss": 0.3303268551826477, "avg_train_loss": 0.46739622950553894, "_wandb": {"runtime": 5510}}