{"val_loss": 22.41214303970337, "train_loss": 23.433788299560547, "epoch": 4, "_runtime": 55, "_timestamp": 1680793501, "_step": 4, "_wandb": {"runtime": 61}}