{"val_loss": 40.98938751220703, "train_loss": 17.60858154296875, "epoch": 4, "_runtime": 26, "_timestamp": 1680794189, "_step": 4, "_wandb": {"runtime": 26}}