{"val_loss": 38.38568115234375, "_runtime": 24214, "_timestamp": 1663145343, "_step": 46724, "avg_val_loss": 38.458160400390625, "loss": 0.22257059812545776}