{"test_loss": 1.2672661542892456, "_runtime": 513, "_timestamp": 1673365064, "_step": 686356, "or_overall_test_bleu": 27.032699058398613, "or_test_bleu_1": 59.8, "or_test_bleu_2": 38.5, "or_test_bleu_3": 29.6, "or_test_bleu_4": 24.0, "as_overall_test_bleu": 7.171266031669892, "as_test_bleu_1": 39.6, "as_test_bleu_2": 14.2, "as_test_bleu_3": 7.2, "as_test_bleu_4": 4.0, "bn_overall_test_bleu": 0.37340301334344644, "bn_test_bleu_1": 12.5, "bn_test_bleu_2": 0.2, "bn_test_bleu_3": 0.1, "bn_test_bleu_4": 0.1, "mr_overall_test_bleu": 1.7334343569875237, "mr_test_bleu_1": 17.1, "mr_test_bleu_2": 1.5, "mr_test_bleu_3": 0.8, "mr_test_bleu_4": 0.4, "ta_overall_test_bleu": 7.700833903137861, "ta_test_bleu_1": 36.7, "ta_test_bleu_2": 17.9, "ta_test_bleu_3": 3.8, "ta_test_bleu_4": 2.1, "te_overall_test_bleu": 3.6377409004064187, "te_test_bleu_1": 39.3, "te_test_bleu_2": 3.8, "te_test_bleu_3": 2.1, "te_test_bleu_4": 1.1, "en_overall_test_bleu": 69.79507156272533, "en_test_bleu_1": 80.6, "en_test_bleu_2": 69.0, "en_test_bleu_3": 66.7, "en_test_bleu_4": 64.0, "avg_test_loss": 1.0403170585632324, "epoch": 22, "_wandb": {"runtime": 512}}