{"val_loss": 39.916385650634766, "_runtime": 7668, "_timestamp": 1663248247, "_step": 22944, "avg_val_loss": 30.80974578857422, "loss": 0.9121009707450867}