{"val_loss": 22.07935447692871, "train_loss": 26.717842292785644, "epoch": 4, "_runtime": 44, "_timestamp": 1680793769, "_step": 4, "_wandb": {"runtime": 49}}