{"val_loss": 24.726192474365234, "train_loss": 31.712905883789062, "epoch": 2, "_runtime": 51, "_timestamp": 1680795418, "_step": 2}