{"val_loss": 33.16865539550781, "train_loss": 24.593820571899414, "epoch": 4, "_runtime": 26, "_timestamp": 1680794189, "_step": 4, "_wandb": {"runtime": 26}}