{"val_loss": 0.2841013967990875, "_runtime": 16869, "_timestamp": 1663590411, "_step": 33612, "avg_val_loss": 0.5731204152107239, "loss": 0.21501003205776215, "avg_train_loss": 0.42343786358833313, "_wandb": {"runtime": 16871}}