{"val_loss": 1.0178290605545044, "_runtime": 22257, "_timestamp": 1663375706, "_step": 52885, "avg_val_loss": 0.5295618176460266, "loss": 0.4406251311302185}