{"test_loss": 0.8523938059806824, "_runtime": 1862, "_timestamp": 1672724682, "_step": 228800, "te_overall_test_bleu": 6.856039443757121, "te_test_bleu_1": 25.0, "te_test_bleu_2": 9.0, "te_test_bleu_3": 4.2, "te_test_bleu_4": 2.3, "pa_overall_test_bleu": 12.346895858254978, "pa_test_bleu_1": 31.4, "pa_test_bleu_2": 15.5, "pa_test_bleu_3": 8.6, "pa_test_bleu_4": 5.5, "bn_overall_test_bleu": 29.424058400973962, "bn_test_bleu_1": 49.9, "bn_test_bleu_2": 31.5, "bn_test_bleu_3": 24.2, "bn_test_bleu_4": 19.7, "hi_overall_test_bleu": 30.38451985703034, "hi_test_bleu_1": 52.7, "hi_test_bleu_2": 33.9, "hi_test_bleu_3": 24.9, "hi_test_bleu_4": 19.1, "kn_overall_test_bleu": 5.60637951959185, "kn_test_bleu_1": 19.8, "kn_test_bleu_2": 7.0, "kn_test_bleu_3": 3.5, "kn_test_bleu_4": 2.0, "gu_overall_test_bleu": 10.583124309641772, "gu_test_bleu_1": 29.4, "gu_test_bleu_2": 13.2, "gu_test_bleu_3": 7.0, "gu_test_bleu_4": 4.6, "as_overall_test_bleu": 6.244485832891358, "as_test_bleu_1": 26.2, "as_test_bleu_2": 8.8, "as_test_bleu_3": 3.8, "as_test_bleu_4": 1.7, "ta_overall_test_bleu": 7.167290941871327, "ta_test_bleu_1": 27.1, "ta_test_bleu_2": 9.9, "ta_test_bleu_3": 4.5, "ta_test_bleu_4": 2.2, "mr_overall_test_bleu": 17.65709713171392, "mr_test_bleu_1": 42.2, "mr_test_bleu_2": 22.3, "mr_test_bleu_3": 12.8, "mr_test_bleu_4": 8.1, "ml_overall_test_bleu": 14.642007289756515, "ml_test_bleu_1": 35.4, "ml_test_bleu_2": 18.3, "ml_test_bleu_3": 11.2, "ml_test_bleu_4": 6.4, "en_overall_test_bleu": 37.13727264759117, "en_test_bleu_1": 54.3, "en_test_bleu_2": 39.4, "en_test_bleu_3": 32.3, "en_test_bleu_4": 27.5, "or_overall_test_bleu": 28.396794014989634, "or_test_bleu_1": 51.4, "or_test_bleu_2": 32.0, "or_test_bleu_3": 23.2, "or_test_bleu_4": 17.0, "avg_test_loss": 0.805839478969574, "epoch": 22, "_wandb": {"runtime": 1861}}