{"test_loss": 1.573686957359314, "_runtime": 19129, "_timestamp": 1675655385, "_step": 237531, "mr_overall_test_bleu": 6.0116383274611485, "mr_test_bleu_1": 48.0, "mr_test_bleu_2": 27.7, "mr_test_bleu_3": 17.5, "mr_test_bleu_4": 11.8, "bn_overall_test_bleu": 1.451602203263901, "bn_test_bleu_1": 61.0, "bn_test_bleu_2": 35.9, "bn_test_bleu_3": 24.6, "bn_test_bleu_4": 18.6, "en_overall_test_bleu": 4.103694301851983, "en_test_bleu_1": 57.3, "en_test_bleu_2": 34.0, "en_test_bleu_3": 24.1, "en_test_bleu_4": 18.2, "hi_overall_test_bleu": 1.9933376070972653, "hi_test_bleu_1": 55.3, "hi_test_bleu_2": 30.0, "hi_test_bleu_3": 19.3, "hi_test_bleu_4": 13.6, "ta_overall_test_bleu": 1.1221389568388833, "ta_test_bleu_1": 32.8, "ta_test_bleu_2": 12.4, "ta_test_bleu_3": 5.9, "ta_test_bleu_4": 3.2, "ml_overall_test_bleu": 0.8687827419354529, "ml_test_bleu_1": 31.5, "ml_test_bleu_2": 11.6, "ml_test_bleu_3": 5.9, "ml_test_bleu_4": 3.4, "pa_overall_test_bleu": 1.6477715703520852, "pa_test_bleu_1": 47.1, "pa_test_bleu_2": 20.1, "pa_test_bleu_3": 10.8, "pa_test_bleu_4": 6.6, "te_overall_test_bleu": 0.4353584679481311, "te_test_bleu_1": 25.4, "te_test_bleu_2": 8.5, "te_test_bleu_3": 3.6, "te_test_bleu_4": 1.6, "gu_overall_test_bleu": 0.8756354569700098, "gu_test_bleu_1": 27.7, "gu_test_bleu_2": 11.0, "gu_test_bleu_3": 5.4, "gu_test_bleu_4": 3.1, "or_overall_test_bleu": 1.3368974750296134, "or_test_bleu_1": 71.7, "or_test_bleu_2": 51.4, "or_test_bleu_3": 39.8, "or_test_bleu_4": 31.9, "as_overall_test_bleu": 0.4025815698941542, "as_test_bleu_1": 40.0, "as_test_bleu_2": 15.0, "as_test_bleu_3": 6.7, "as_test_bleu_4": 3.2, "kn_overall_test_bleu": 0.45846824583125595, "kn_test_bleu_1": 24.7, "kn_test_bleu_2": 7.6, "kn_test_bleu_3": 3.6, "kn_test_bleu_4": 2.3, "avg_test_loss": 1.966329574584961, "epoch": 21, "_wandb": {"runtime": 19128}}