{"val_loss": 23.679779624938966, "train_loss": 23.707166290283205, "epoch": 4, "_runtime": 47, "_timestamp": 1680793252, "_step": 4, "_wandb": {"runtime": 53}}