{"test_loss": 1.7661614418029785, "_runtime": 278, "_timestamp": 1673364096, "_step": 686356, "kn_overall_test_bleu": 0.7511533394774755, "kn_test_bleu_1": 34.1, "kn_test_bleu_2": 10.8, "kn_test_bleu_3": 5.0, "kn_test_bleu_4": 2.7, "or_overall_test_bleu": 5.336609752000413, "or_test_bleu_1": 66.5, "or_test_bleu_2": 41.7, "or_test_bleu_3": 29.0, "or_test_bleu_4": 20.5, "as_overall_test_bleu": 2.2386066373720257, "as_test_bleu_1": 47.7, "as_test_bleu_2": 19.2, "as_test_bleu_3": 9.7, "as_test_bleu_4": 5.6, "en_overall_test_bleu": 24.23601775585894, "en_test_bleu_1": 54.2, "en_test_bleu_2": 40.9, "en_test_bleu_3": 30.0, "en_test_bleu_4": 16.7, "avg_test_loss": 1.6182451248168945, "epoch": 22, "_wandb": {"runtime": 277}}