{"test_loss": 0.09432630240917206, "_runtime": 13750, "_timestamp": 1672062346, "_step": 31284, "en_overall_test_bleu": 93.83006794857879, "en_test_bleu_1": 98.4, "en_test_bleu_2": 97.3, "en_test_bleu_3": 95.8, "en_test_bleu_4": 94.2, "hi_overall_test_bleu": 94.03975163327725, "hi_test_bleu_1": 98.6, "hi_test_bleu_2": 97.6, "hi_test_bleu_3": 96.1, "hi_test_bleu_4": 94.6, "ml_overall_test_bleu": 93.27327375503477, "ml_test_bleu_1": 98.3, "ml_test_bleu_2": 97.0, "ml_test_bleu_3": 95.0, "ml_test_bleu_4": 92.8, "ta_overall_test_bleu": 93.93282657550444, "ta_test_bleu_1": 98.4, "ta_test_bleu_2": 97.4, "ta_test_bleu_3": 95.9, "ta_test_bleu_4": 94.4, "gu_overall_test_bleu": 93.37880525394205, "gu_test_bleu_1": 98.2, "gu_test_bleu_2": 97.0, "gu_test_bleu_3": 95.2, "gu_test_bleu_4": 93.2, "bn_overall_test_bleu": 92.89743526190622, "bn_test_bleu_1": 98.1, "bn_test_bleu_2": 96.9, "bn_test_bleu_3": 94.7, "bn_test_bleu_4": 92.3, "te_overall_test_bleu": 93.177605719128, "te_test_bleu_1": 98.0, "te_test_bleu_2": 96.8, "te_test_bleu_3": 94.9, "te_test_bleu_4": 92.7, "pa_overall_test_bleu": 93.16103882848505, "pa_test_bleu_1": 98.1, "pa_test_bleu_2": 96.8, "pa_test_bleu_3": 94.6, "pa_test_bleu_4": 92.3, "as_overall_test_bleu": 92.46865560971413, "as_test_bleu_1": 98.5, "as_test_bleu_2": 97.1, "as_test_bleu_3": 94.9, "as_test_bleu_4": 92.3, "mr_overall_test_bleu": 94.45216555032599, "mr_test_bleu_1": 98.5, "mr_test_bleu_2": 97.6, "mr_test_bleu_3": 96.6, "mr_test_bleu_4": 95.5, "kn_overall_test_bleu": 92.93929638368108, "kn_test_bleu_1": 98.2, "kn_test_bleu_2": 96.8, "kn_test_bleu_3": 94.7, "kn_test_bleu_4": 92.3, "or_overall_test_bleu": 92.9089437015382, "or_test_bleu_1": 97.9, "or_test_bleu_2": 96.5, "or_test_bleu_3": 94.5, "or_test_bleu_4": 92.3, "avg_test_loss": 0.11125782132148743, "epoch": 9, "_wandb": {"runtime": 13749}}