{"val_loss": 1.0175108909606934, "_runtime": 2083, "_timestamp": 1663593002, "_step": 5377, "avg_val_loss": 1.0702266693115234, "loss": 1.1642932891845703, "avg_train_loss": 0.7357138991355896, "_wandb": {"runtime": 2084}}