{"val_loss": 0.2965192198753357, "_runtime": 12940, "_timestamp": 1663562464, "_step": 33687, "avg_val_loss": 0.641975462436676, "loss": 0.3487538695335388, "avg_train_loss": 0.42467036843299866, "_wandb": {"runtime": 12938}}